{"rates.AUD":{"0":1.4308,"1":1.4308,"2":1.4138,"3":1.3942,"4":1.3904,"5":1.3683,"6":1.3683,"7":1.3683,"8":1.3683,"9":1.372,"10":1.3747,"11":1.3765,"12":1.377,"13":1.377,"14":1.377,"15":1.377,"16":1.3847,"17":1.3796,"18":1.3954,"19":1.4033,"20":1.4033,"21":1.4033,"22":1.3926,"23":1.389,"24":1.3831,"25":1.3868,"26":1.3863,"27":1.3863,"28":1.3863,"29":1.3707},"rates.BGN":{"0":1.7996,"1":1.7996,"2":1.8207,"3":1.82,"4":1.7946,"5":1.7965,"6":1.7965,"7":1.7965,"8":1.7965,"9":1.79,"10":1.7858,"11":1.7842,"12":1.7866,"13":1.7866,"14":1.7866,"15":1.7866,"16":1.7917,"17":1.7858,"18":1.7993,"19":1.8049,"20":1.8049,"21":1.8049,"22":1.8041,"23":1.7889,"24":1.7796,"25":1.7808,"26":1.7861,"27":1.7861,"28":1.7861,"29":1.7873},"rates.BRL":{"0":4.0487,"1":4.0487,"2":4.0338,"3":4.0036,"4":4.0395,"5":3.9604,"6":3.9604,"7":3.9604,"8":3.9604,"9":3.898,"10":3.852,"11":3.9257,"12":3.941,"13":3.941,"14":3.941,"15":3.941,"16":3.9677,"17":3.9827,"18":3.976,"19":3.9004,"20":3.9004,"21":3.9004,"22":3.877,"23":3.9369,"24":3.8771,"25":3.9045,"26":3.853,"27":3.853,"28":3.853,"29":3.7629},"rates.CAD":{"0":1.4133,"1":1.4133,"2":1.4091,"3":1.3936,"4":1.3922,"5":1.3884,"6":1.3884,"7":1.3884,"8":1.3884,"9":1.3885,"10":1.3916,"11":1.3872,"12":1.387,"13":1.387,"14":1.387,"15":1.387,"16":1.3903,"17":1.3917,"18":1.3955,"19":1.3956,"20":1.3956,"21":1.3956,"22":1.3832,"23":1.3766,"24":1.3712,"25":1.3754,"26":1.3664,"27":1.3664,"28":1.3664,"29":1.354},"rates.CHF":{"0":1.0006,"1":1.0006,"2":1.0097,"3":1.0094,"4":0.99936,"5":0.99522,"6":0.99522,"7":0.99522,"8":0.99522,"9":0.98975,"10":0.99032,"11":0.98869,"12":0.98712,"13":0.98712,"14":0.98712,"15":0.98712,"16":0.99047,"17":0.98776,"18":0.99393,"19":0.99372,"20":0.99372,"21":0.99372,"22":0.99686,"23":0.99003,"24":0.98553,"25":0.9807,"26":0.98804,"27":0.98804,"28":0.98804,"29":0.98748},"rates.CNY":{"0":6.5948,"1":6.5948,"2":6.5526,"3":6.5209,"4":6.534,"5":6.4855,"6":6.4855,"7":6.4855,"8":6.4855,"9":6.49,"10":6.4888,"11":6.4873,"12":6.4748,"13":6.4748,"14":6.4748,"15":6.4748,"16":6.4776,"17":6.4767,"18":6.4818,"19":6.4852,"20":6.4852,"21":6.4852,"22":6.4874,"23":6.469,"24":6.462,"25":6.4581,"26":6.4581,"27":6.4581,"28":6.4581,"29":6.4348},"rates.CZK":{"0":24.871,"1":24.871,"2":25.159,"3":25.146,"4":24.796,"5":24.821,"6":24.821,"7":24.821,"8":24.821,"9":24.738,"10":24.679,"11":24.651,"12":24.69,"13":24.69,"14":24.69,"15":24.69,"16":24.765,"17":24.679,"18":24.865,"19":24.945,"20":24.945,"21":24.945,"22":24.934,"23":24.723,"24":24.588,"25":24.605,"26":24.679,"27":24.679,"28":24.679,"29":24.692},"rates.DKK":{"0":6.8638,"1":6.8638,"2":6.945,"3":6.9426,"4":6.8471,"5":6.8546,"6":6.8546,"7":6.8546,"8":6.8546,"9":6.83,"10":6.8142,"11":6.8082,"12":6.8172,"13":6.8172,"14":6.8172,"15":6.8172,"16":6.8356,"17":6.8129,"18":6.8638,"19":6.8857,"20":6.8857,"21":6.8857,"22":6.8824,"23":6.8249,"24":6.7893,"25":6.7932,"26":6.8136,"27":6.8136,"28":6.8136,"29":6.818},"rates.EUR":{"0":0.92013,"1":0.92013,"2":0.93093,"3":0.93058,"4":0.9176,"5":0.91853,"6":0.91853,"7":0.91853,"8":0.91853,"9":0.91525,"10":0.91308,"11":0.91224,"12":0.91349,"13":0.91349,"14":0.91349,"15":0.91349,"16":0.91609,"17":0.91308,"18":0.91996,"19":0.92285,"20":0.92285,"21":0.92285,"22":0.92242,"23":0.91466,"24":0.90992,"25":0.9105,"26":0.91324,"27":0.91324,"28":0.91324,"29":0.91383},"rates.GBP":{"0":0.68591,"1":0.68591,"2":0.68367,"3":0.68151,"4":0.67728,"5":0.67415,"6":0.67415,"7":0.67415,"8":0.67415,"9":0.67544,"10":0.67572,"11":0.67082,"12":0.67069,"13":0.67069,"14":0.67069,"15":0.67069,"16":0.67149,"17":0.67221,"18":0.67144,"19":0.6706,"20":0.6706,"21":0.6706,"22":0.67023,"23":0.66615,"24":0.65987,"25":0.66102,"26":0.65973,"27":0.65973,"28":0.65973,"29":0.66115},"rates.HKD":{"0":7.7529,"1":7.7529,"2":7.7519,"3":7.7514,"4":7.7504,"5":7.7502,"6":7.7502,"7":7.7502,"8":7.7502,"9":7.7508,"10":7.7504,"11":7.7501,"12":7.7509,"13":7.7509,"14":7.7509,"15":7.7509,"16":7.7507,"17":7.7532,"18":7.7504,"19":7.7524,"20":7.7524,"21":7.7524,"22":7.753,"23":7.7501,"24":7.75,"25":7.7506,"26":7.7505,"27":7.7505,"28":7.7505,"29":7.7504},"rates.HRK":{"0":7.0298,"1":7.0298,"2":7.1127,"3":7.1085,"4":7.0118,"5":7.0157,"6":7.0157,"7":7.0157,"8":7.0157,"9":6.9897,"10":6.9743,"11":6.96,"12":6.9814,"13":6.9814,"14":6.9814,"15":6.9814,"16":7.0003,"17":6.9905,"18":7.0382,"19":7.0593,"20":7.0593,"21":7.0593,"22":7.0593,"23":6.9903,"24":6.9509,"25":6.9498,"26":6.9763,"27":6.9763,"28":6.9763,"29":6.9716},"rates.HUF":{"0":290.57,"1":290.57,"2":293.06,"3":293.32,"4":289.4,"5":290.24,"6":290.24,"7":290.24,"8":290.24,"9":286.61,"10":286.94,"11":286.56,"12":288.58,"13":288.58,"14":288.58,"15":288.58,"16":288.43,"17":286.68,"18":289.01,"19":290.01,"20":290.01,"21":290.01,"22":291.45,"23":289.41,"24":287.99,"25":288.74,"26":289.19,"27":289.19,"28":289.19,"29":289.33},"rates.IDR":{"0":13930.0,"1":13930.0,"2":13954.0,"3":13847.0,"4":13943.0,"5":13815.0,"6":13815.0,"7":13815.0,"8":13815.0,"9":13803.0,"10":13723.0,"11":13654.0,"12":13632.0,"13":13632.0,"14":13632.0,"15":13632.0,"16":13662.0,"17":13662.0,"18":13814.0,"19":13931.0,"20":13931.0,"21":13931.0,"22":14025.0,"23":13988.0,"24":14034.0,"25":14137.0,"26":14102.0,"27":14102.0,"28":14102.0,"29":13947.0},"rates.ILS":{"0":3.929,"1":3.929,"2":3.9461,"3":3.9218,"4":3.9144,"5":3.902,"6":3.902,"7":3.902,"8":3.902,"9":3.8995,"10":3.8842,"11":3.8834,"12":3.8891,"13":3.8891,"14":3.8891,"15":3.8891,"16":3.892,"17":3.8988,"18":3.9021,"19":3.8953,"20":3.8953,"21":3.8953,"22":3.8926,"23":3.8791,"24":3.859,"25":3.8586,"26":3.8618,"27":3.8618,"28":3.8618,"29":3.8664},"rates.INR":{"0":66.895,"1":66.895,"2":66.863,"3":66.587,"4":66.633,"5":66.154,"6":66.154,"7":66.154,"8":66.154,"9":66.388,"10":66.331,"11":66.103,"12":66.21,"13":66.21,"14":66.21,"15":66.21,"16":66.21,"17":66.241,"18":66.316,"19":66.404,"20":66.404,"21":66.404,"22":66.267,"23":66.711,"24":66.894,"25":67.145,"26":67.006,"27":67.006,"28":67.006,"29":66.747},"rates.JPY":{"0":117.54,"1":117.54,"2":118.4,"3":119.0,"4":119.09,"5":120.39,"6":120.39,"7":120.39,"8":120.39,"9":120.5,"10":120.42,"11":120.46,"12":120.43,"13":120.43,"14":120.43,"15":120.43,"16":120.85,"17":120.91,"18":121.37,"19":121.45,"20":121.45,"21":121.45,"22":122.52,"23":121.81,"24":120.99,"25":120.68,"26":121.48,"27":121.48,"28":121.48,"29":121.51},"rates.KRW":{"0":1202.5,"1":1202.5,"2":1200.1,"3":1188.4,"4":1190.9,"5":1176.4,"6":1176.4,"7":1176.4,"8":1176.4,"9":1175.9,"10":1170.7,"11":1168.4,"12":1168.7,"13":1168.7,"14":1168.7,"15":1168.7,"16":1174.3,"17":1171.7,"18":1177.6,"19":1181.4,"20":1181.4,"21":1181.4,"22":1186.1,"23":1175.4,"24":1175.9,"25":1187.9,"26":1188.1,"27":1188.1,"28":1188.1,"29":1176.4},"rates.MXN":{"0":17.683,"1":17.683,"2":17.453,"3":17.29,"4":17.375,"5":17.373,"6":17.373,"7":17.373,"8":17.373,"9":17.286,"10":17.205,"11":17.273,"12":17.275,"13":17.275,"14":17.275,"15":17.275,"16":17.196,"17":17.111,"18":17.117,"19":17.02,"20":17.02,"21":17.02,"22":16.94,"23":17.125,"24":17.257,"25":17.41,"26":17.35,"27":17.35,"28":17.35,"29":17.064},"rates.MYR":{"0":4.4078,"1":4.4078,"2":4.4115,"3":4.343,"4":4.346,"5":4.3133,"6":4.3133,"7":4.3133,"8":4.3133,"9":4.2913,"10":4.2965,"11":4.2984,"12":4.2882,"13":4.2882,"14":4.2882,"15":4.2882,"16":4.3112,"17":4.2999,"18":4.2943,"19":4.2857,"20":4.2857,"21":4.2857,"22":4.3151,"23":4.303,"24":4.3035,"25":4.3704,"26":4.331,"27":4.331,"28":4.331,"29":4.2583},"rates.NOK":{"0":8.923,"1":8.923,"2":8.9578,"3":8.9224,"4":8.8525,"5":8.8206,"6":8.8206,"7":8.8206,"8":8.8206,"9":8.801,"10":8.6847,"11":8.701,"12":8.6891,"13":8.6891,"14":8.6891,"15":8.6891,"16":8.7276,"17":8.7135,"18":8.7935,"19":8.7671,"20":8.7671,"21":8.7671,"22":8.7732,"23":8.7401,"24":8.6392,"25":8.713,"26":8.711,"27":8.711,"28":8.711,"29":8.6238},"rates.NZD":{"0":1.5149,"1":1.5149,"2":1.5049,"3":1.489,"4":1.4816,"5":1.4626,"6":1.4626,"7":1.4626,"8":1.4626,"9":1.4606,"10":1.4563,"11":1.4613,"12":1.4663,"13":1.4663,"14":1.4663,"15":1.4663,"16":1.4765,"17":1.4642,"18":1.4824,"19":1.4913,"20":1.4913,"21":1.4913,"22":1.4831,"23":1.4814,"24":1.4728,"25":1.4814,"26":1.4847,